{
    "Aimage": false,
    "Img": {},
    "Mentiongift": false,
    "Mentionkick": false,
    "Tablacklist": false,
    "Tdblacklist": false,
    "Unsend": false,
    "aRespon": false,
    "ablacklist": false,
    "abots": false,
    "addadmin": false,
    "admin": {},
    "autoAdd": false,
    "autoJoin": true,
    "autoJoinTicket": true,
    "autoLeave": false,
    "autoRead": false,
    "checkPost": false,
    "checkmid": false,
    "comment": "",
    "contact": false,
    "dblacklist": false,
    "dbots": false,
    "deladmin": false,
    "detectMention": false,
    "foto": {},
    "intaPoint": {},
    "keyCmd": "",
    "larangan": false,
    "leftmsg": "",
    "limit": 1,
    "maxlimit": 1,
    "mention": "",
    "message": "",
    "msgTag": "",
    "rePoint": "",
    "readMember": {},
    "readPoint": {},
    "javascrift": true,
    "selfbot": true,
    "cancel": true,
    "siderMsg": "",
    "spamMsg": "",
    "sticker": false,
    "talkban": true,
    "welcome": ""
}
