{
    "Mentiongift": false,
    "Mentionkick": false,
    "Respontag": " 🤔",
    "Talkblacklist": {},
    "Talkdblacklist": false,
    "Talkwblacklist": false,
    "addadmin": false,
    "addbots": false,
    "addstaff": false,
    "admin": {},
    "autoAdd": false,
    "autoJoin": false,
    "autoLeave": false,
    "autoLeave1": false,
    "autoLike": true,
    "autoRead": false,
    "autoRead2": false,
    "blacklist": {},
    "bots": {},
    "comment": "",
    "commentOn": false,
    "contact": false,
    "dblacklist": false,
    "delladmin": false,
    "dellbots": false,
    "dellstaff": false,
    "detectMention": false,
    "leave": "",
    "limit": 10,
    "limits": 1,
    "mention": "",
    "message": "",
    "owner": {},
    "selfbot": true,
    "staff": {},
    "sticker": false,
    "sukaPost": false,
    "talkban": false,
    "unsend": false,
    "wblacklist": false,
    "welcome": "",
    "welcomeOn": false
}